day_name,day_of_week,factor_multiplicative,factor_pct,effect_additive,effect_pct
Monday,0,0.9815199858123785,-1.8480014187621463,483.6343933476508,0.5319405683171129
Tuesday,1,1.0777615834087046,7.776158340870465,-5124.133766221823,-5.63594042365305
Wednesday,2,1.765137141650964,76.5137141650964,-65161.14178531197,-71.66954060803292
Thursday,3,0.6443109539893688,-35.568904601063124,34128.56104275524,37.53737618052032
Friday,4,0.7981081647658971,-20.189183523410293,18097.067956222112,19.904631982172415
Saturday,5,0.8219377617864465,-17.80622382135535,13312.833317176051,14.642540352913102
Sunday,6,0.9112244085862401,-8.87755914137599,4263.178842032733,4.688991947763011
